-- MySQL dump 10.13  Distrib 8.0.29, for Win64 (x86_64)
--
-- Host: localhost    Database: hotel_miranda
-- ------------------------------------------------------
-- Server version	8.0.29

/*!40101 SET @OLD_CHARACTER_SET_CLIENT=@@CHARACTER_SET_CLIENT */;
/*!40101 SET @OLD_CHARACTER_SET_RESULTS=@@CHARACTER_SET_RESULTS */;
/*!40101 SET @OLD_COLLATION_CONNECTION=@@COLLATION_CONNECTION */;
/*!50503 SET NAMES utf8mb4 */;
/*!40103 SET @OLD_TIME_ZONE=@@TIME_ZONE */;
/*!40103 SET TIME_ZONE='+00:00' */;
/*!40014 SET @OLD_UNIQUE_CHECKS=@@UNIQUE_CHECKS, UNIQUE_CHECKS=0 */;
/*!40014 SET @OLD_FOREIGN_KEY_CHECKS=@@FOREIGN_KEY_CHECKS, FOREIGN_KEY_CHECKS=0 */;
/*!40101 SET @OLD_SQL_MODE=@@SQL_MODE, SQL_MODE='NO_AUTO_VALUE_ON_ZERO' */;
/*!40111 SET @OLD_SQL_NOTES=@@SQL_NOTES, SQL_NOTES=0 */;

--
-- Table structure for table `bookings`
--

DROP TABLE IF EXISTS `bookings`;
/*!40101 SET @saved_cs_client     = @@character_set_client */;
/*!50503 SET character_set_client = utf8mb4 */;
CREATE TABLE `bookings` (
  `id` int NOT NULL AUTO_INCREMENT,
  `bookingNumber` int NOT NULL,
  `userName` varchar(255) NOT NULL,
  `orderDate` date NOT NULL,
  `checkIn` date NOT NULL,
  `checkOut` date NOT NULL,
  `specialRequest` longtext,
  `status` varchar(255) NOT NULL,
  `roomId` int NOT NULL,
  PRIMARY KEY (`id`),
  KEY `roomId` (`roomId`),
  CONSTRAINT `bookings_ibfk_1` FOREIGN KEY (`roomId`) REFERENCES `rooms` (`id`)
) ENGINE=InnoDB AUTO_INCREMENT=41 DEFAULT CHARSET=utf8mb4 COLLATE=utf8mb4_unicode_ci;
/*!40101 SET character_set_client = @saved_cs_client */;

--
-- Dumping data for table `bookings`
--

LOCK TABLES `bookings` WRITE;
/*!40000 ALTER TABLE `bookings` DISABLE KEYS */;
INSERT INTO `bookings` VALUES (1,52028,'Mr. Jaime Crona','2022-02-15','2022-07-25','2022-08-30','I want a teddy bear on my bed','check in',21),(2,74227,'Shaun Rodriguez','2022-09-08','2022-10-05','2022-10-22','I need a coffee set on my bedroom','in progress',23),(3,36429,'Corey Heller','2022-09-06','2022-09-30','2022-10-24','Nothing needed','check out',26),(4,26928,'Mattie Kessler','2022-09-14','2022-12-01','2022-12-09','Random special request','in progress',15),(5,65150,'Blanca Rodriguez','2022-06-17','2022-11-13','2022-11-14','null','check out',6),(6,69679,'Nettie Stoltenberg','2022-02-19','2022-07-27','2022-12-09','I would like to have silk bed sheet','check out',20),(7,21134,'Beatrice Kuhlman','2022-01-25','2022-08-28','2022-09-02','Nothing needed','check out',11),(8,16698,'Annette Kozey','2022-06-05','2022-06-27','2022-09-24','I would like to have silk bed sheet','check in',20),(9,31177,'Ms. Mike Gulgowski','2022-02-08','2022-02-15','2022-04-02','Random special request','check out',4),(10,71633,'Georgia Fahey','2022-05-24','2022-06-10','2022-10-30','I would like to have silk bed sheet','check out',30),(11,27410,'Edna Wilkinson','2022-01-08','2022-02-28','2022-08-08','I would like to have silk bed sheet','check out',18),(12,40191,'Joseph Schneider Sr.','2022-02-28','2022-07-15','2022-11-18','null','in progress',1),(13,48450,'Jay Kerluke V','2022-03-15','2022-05-01','2022-05-05','I need a coffee set on my bedroom','check in',5),(14,53202,'Angie Kuhlman','2022-02-02','2022-02-24','2022-12-10','Nothing needed','in progress',16),(15,6910,'Terry Powlowski','2022-09-03','2022-09-11','2022-11-03','I would like to have silk bed sheet','in progress',1),(16,87769,'Bradley Bailey','2022-01-03','2022-06-22','2022-09-14','I would like to have silk bed sheet','check in',28),(17,111,'Connie Fritsch','2022-06-01','2022-06-29','2022-11-04','I want a teddy bear on my bed','in progress',20),(18,10463,'Nicholas Mohr PhD','2022-01-14','2022-04-24','2022-07-24','Random special request','check in',20),(19,92141,'Roosevelt Barrows','2022-01-20','2022-06-06','2022-10-27','I would like to have silk bed sheet','check in',6),(20,86904,'Terrell Russel','2022-02-01','2022-10-08','2022-11-07','Random special request','check out',26),(21,6983,'Pearl Corkery','2022-05-16','2022-09-06','2022-10-29','I need a coffee set on my bedroom','check out',13),(22,59428,'Mrs. Jon Johnson','2022-05-07','2022-09-26','2022-11-07','I would like to have silk bed sheet','check in',5),(23,62808,'Thomas Turcotte','2022-01-31','2022-05-07','2022-05-22','null','check in',26),(24,76035,'Miss Helen Bergnaum','2022-02-03','2022-02-24','2022-09-20','I want a teddy bear on my bed','check out',9),(25,44398,'Steven Spencer','2022-02-27','2022-08-04','2022-08-11','I need a coffee set on my bedroom','in progress',12),(26,70404,'Mrs. Gene Shields','2022-01-18','2022-02-07','2022-03-18','null','in progress',23),(27,54426,'Jenny Rutherford','2022-03-12','2022-03-16','2022-11-28','I would like to have silk bed sheet','check out',6),(28,33570,'Percy Bergstrom','2022-04-12','2022-09-22','2022-10-17','I need a coffee set on my bedroom','in progress',17),(29,79332,'Mattie Pfannerstill','2022-02-28','2022-09-13','2022-10-13','I would like to have silk bed sheet','in progress',13),(30,6473,'Ernest Cormier','2022-01-29','2022-04-16','2022-07-19','null','check in',27),(31,11,'Louis Sauer','2022-07-12','2022-07-23','2022-09-08','I would like to have silk bed sheet','check out',21),(32,72951,'Willard Heller','2022-01-02','2022-08-14','2022-11-12','I need a coffee set on my bedroom','in progress',12),(33,48666,'Ms. Stacy Lindgren','2022-05-21','2022-08-31','2022-11-06','I want a teddy bear on my bed','check out',15),(34,61917,'Amber Dibbert','2022-01-30','2022-09-18','2022-11-21','I would like to have silk bed sheet','check out',11),(35,44572,'Alfred Hansen','2022-04-11','2022-06-02','2022-11-25','null','check out',21),(36,20082,'Ethel Crooks','2022-01-26','2022-07-25','2022-11-18','Nothing needed','check in',3),(37,37573,'Brendan Hoeger','2022-01-04','2022-08-24','2022-11-01','null','in progress',5),(38,93263,'John Pollich','2022-03-02','2022-08-02','2022-10-10','I would like to have silk bed sheet','check out',4),(39,30155,'Cathy Glover','2022-03-06','2022-08-08','2022-10-18','I would like to have silk bed sheet','check out',29),(40,54928,'Ethel Swift','2022-08-18','2022-11-05','2022-11-06','I would like to have silk bed sheet','check out',1);
/*!40000 ALTER TABLE `bookings` ENABLE KEYS */;
UNLOCK TABLES;

--
-- Table structure for table `contacts`
--

DROP TABLE IF EXISTS `contacts`;
/*!40101 SET @saved_cs_client     = @@character_set_client */;
/*!50503 SET character_set_client = utf8mb4 */;
CREATE TABLE `contacts` (
  `id` int NOT NULL AUTO_INCREMENT,
  `date` date NOT NULL,
  `userName` varchar(255) NOT NULL,
  `userEmail` varchar(255) NOT NULL,
  `userPhone` varchar(255) NOT NULL,
  `messageSubject` varchar(255) NOT NULL,
  `messageBody` longtext NOT NULL,
  `archived` tinyint NOT NULL,
  PRIMARY KEY (`id`)
) ENGINE=InnoDB AUTO_INCREMENT=35 DEFAULT CHARSET=utf8mb4 COLLATE=utf8mb4_unicode_ci;
/*!40101 SET character_set_client = @saved_cs_client */;

--
-- Dumping data for table `contacts`
--

LOCK TABLES `contacts` WRITE;
/*!40000 ALTER TABLE `contacts` DISABLE KEYS */;
INSERT INTO `contacts` VALUES (1,'2022-09-24','Dana Wiza','Vincenzo.Willms25@gmail.com','946-638-714','Unhappy stay','The best place Ive ever seen',1),(2,'2022-05-25','Cesar Abernathy DVM','Rosina.Stehr@yahoo.com','905-232-106','Best memories','Couldnt say anything bad about it',0),(3,'2022-10-06','Marilyn Mueller','Valentine.Boyle89@gmail.com','953-685-817','A bit weird','The best place Ive ever seen',1),(4,'2022-09-11','Miss Russell Windler','Jedidiah_Renner@hotmail.com','953-180-049','Best place','It was a good place to crash out',0),(5,'2022-09-14','Candice Goldner III','Jameson_Stiedemann53@gmail.com','979-442-671','Unhappy stay','Simple the best hotel ever',0),(6,'2022-03-25','Mr. Troy Pollich','Isadore_Runolfsdottir71@gmail.com','935-985-190','Amazing views','The best place Ive ever seen',0),(7,'2022-06-13','Dixie Krajcik','Cindy.Gutmann@hotmail.com','905-673-591','Best place','Im surprised with all the surroundings',1),(8,'2022-10-02','Deborah Dach','Anabelle_Pacocha59@hotmail.com','963-275-332','Amazing views','It was a good place to crash out',0),(9,'2022-10-30','Pamela Brakus DVM','Kayli.Strosin71@hotmail.com','942-806-881','Best place','Couldnt say anything bad about it',1),(10,'2022-10-02','Pablo Bednar','Luther73@gmail.com','943-182-476','A bit weird','It was a good place to crash out',0),(11,'2022-03-16','Ramona Jacobs','Frederic.Wolff@yahoo.com','952-690-896','Unhappy stay','Simple the best hotel ever',1),(12,'2022-01-08','Mrs. Kenneth Schimmel','Carlee.Kling64@yahoo.com','942-903-076','Best place','It was a good place to crash out',0),(13,'2022-08-22','Dean Raynor MD','Jermey_Blick67@yahoo.com','901-239-719','A bit weird','Couldnt say anything bad about it',0),(14,'2022-11-24','Mattie Gislason','Rhiannon75@gmail.com','944-608-057','A bit weird','Im surprised with all the surroundings',1),(15,'2022-02-08','Pete Emard','Adriana_Kessler@yahoo.com','985-192-601','Best place','Happiest place ever',1),(16,'2022-03-20','Kristine Gislason','Vicky_Kuvalis@yahoo.com','956-845-266','Best place','Couldnt say anything bad about it',0),(17,'2022-06-04','Janis Lang IV','Trenton.Bode@gmail.com','960-520-836','A bit weird','Simple the best hotel ever',1),(18,'2022-04-26','Sharon Rippin','Frieda_Morar@yahoo.com','967-671-536','A bit weird','The best place Ive ever seen',1),(19,'2022-04-20','David Padberg I','Mohamed13@yahoo.com','941-167-300','Best memories','Simple the best hotel ever',0),(20,'2022-03-27','Kyle Hayes','Asia96@yahoo.com','980-083-596','A bit weird','I could say a few things to improve, but overall was a good place to chill out',1),(21,'2022-04-18','Mrs. Janie Pfannerstill','Hilbert_Daniel@gmail.com','972-542-971','Amazing views','It was a good place to crash out',1),(22,'2022-01-28','Brad Witting','Josiane.Grant@yahoo.com','962-760-133','Amazing views','I could say a few things to improve, but overall was a good place to chill out',1),(23,'2022-07-15','Emanuel Smith','Marco.Okuneva86@yahoo.com','987-513-987','A bit weird','Couldnt say anything bad about it',0),(24,'2022-09-11','Miss Devin Kuphal PhD','Ruthie_Schinner@yahoo.com','913-210-787','Best memories','Couldnt say anything bad about it',0),(25,'2022-03-06','Lowell Hayes','Rosemary99@gmail.com','936-798-521','Best memories','Im surprised with all the surroundings',0),(26,'2022-03-28','Erica Rohan II','Glen.Mills82@yahoo.com','972-489-186','Best place','Im surprised with all the surroundings',0),(27,'2022-03-16','Nicole Herman','Katharina87@yahoo.com','965-766-154','A bit weird','The best place Ive ever seen',1),(28,'2022-04-18','Omar Armstrong','Eugene_Lehner2@yahoo.com','951-478-072','Best memories','I could say a few things to improve, but overall was a good place to chill out',1),(29,'2022-06-13','Mrs. Ben Turner','Kacey33@gmail.com','941-341-345','Unhappy stay','Im surprised with all the surroundings',0),(30,'2022-05-25','Martha Reynolds','Lenny_Bode@yahoo.com','991-614-972','A bit weird','The best place Ive ever seen',1),(31,'2023-01-18','test','test@test.com','5125','testa','tast',0),(32,'2023-01-18','Testing','test2@test.com','51255','asd','asdasdasdsadddd',0),(33,'2023-01-18','yes','yes@yes.yes','55555','subject','messageee',0),(34,'2023-01-19','Manolete','manolo@manolo.com','595959955','test manolo','manolo message',0);
/*!40000 ALTER TABLE `contacts` ENABLE KEYS */;
UNLOCK TABLES;

--
-- Table structure for table `rooms`
--

DROP TABLE IF EXISTS `rooms`;
/*!40101 SET @saved_cs_client     = @@character_set_client */;
/*!50503 SET character_set_client = utf8mb4 */;
CREATE TABLE `rooms` (
  `id` int NOT NULL AUTO_INCREMENT,
  `photo` varchar(255) NOT NULL,
  `roomNumber` int NOT NULL,
  `roomName` varchar(255) NOT NULL,
  `bedType` varchar(255) NOT NULL,
  `roomFloor` varchar(255) NOT NULL,
  `roomDescription` longtext NOT NULL,
  `roomType` varchar(255) NOT NULL,
  `facilities` json NOT NULL,
  `ratePerNight` int NOT NULL,
  `status` varchar(255) NOT NULL,
  `offerPrice` int DEFAULT NULL,
  PRIMARY KEY (`id`)
) ENGINE=InnoDB AUTO_INCREMENT=45 DEFAULT CHARSET=utf8mb4 COLLATE=utf8mb4_unicode_ci;
/*!40101 SET character_set_client = @saved_cs_client */;

--
-- Dumping data for table `rooms`
--

LOCK TABLES `rooms` WRITE;
/*!40000 ALTER TABLE `rooms` DISABLE KEYS */;
INSERT INTO `rooms` VALUES (1,'https://pablo-aviles-prieto.github.io/hotel-management-app/assets/hotel-rooms/room3.jpg',3016,'1111','Single bed','A-2','Random description for this room 11','Deluxe B-55','[\"AC\", \"Shower\", \"Towel\", \"Wifi\"]',253,'Available',NULL),(2,'https://pablo-aviles-prieto.github.io/hotel-management-app/assets/hotel-rooms/room2.jpg',8434,'Milkfish','Double superior','B-1','Random description for this room','Medium A-53','[\"AC\", \"LED TV\", \"Towel\", \"Bath\"]',186,'Available',NULL),(3,'https://pablo-aviles-prieto.github.io/hotel-management-app/assets/hotel-rooms/room1.jpg',7598,'Filipino Venus','Double superior','B-2','Random description for this room','Deluxe B-55','[\"AC\", \"LED TV\", \"Towel\", \"Bath\"]',399,'Booked',NULL),(4,'https://pablo-aviles-prieto.github.io/hotel-management-app/assets/hotel-rooms/room3.jpg',673,'Yellowstripe scad','Single bed','B-2','Random description for this room','Medium A-53','[\"LED TV\", \"Bath\", \"AC\", \"Wifi\"]',393,'Available',NULL),(5,'https://pablo-aviles-prieto.github.io/hotel-management-app/assets/hotel-rooms/room2.jpg',1587,'Filipino Venus','Single bed','A-2','Random description for this room','Simple A-11','[\"AC\", \"LED TV\", \"Towel\", \"Bath\"]',564,'Available',NULL),(6,'https://pablo-aviles-prieto.github.io/hotel-management-app/assets/hotel-rooms/room1.jpg',9486,'Narrow-barred Spanish mackerel','Double superior','A-2','Random description for this room','Deluxe A-26','[\"AC\", \"LED TV\", \"Towel\", \"Bath\"]',352,'Available',NULL),(7,'https://pablo-aviles-prieto.github.io/hotel-management-app/assets/hotel-rooms/room2.jpg',7019,'European sprat','Double superior','A-1','Random description for this room','Medium B-33','[\"AC\", \"Shower\", \"Towel\", \"Wifi\"]',387,'Available',NULL),(8,'https://pablo-aviles-prieto.github.io/hotel-management-app/assets/hotel-rooms/room1.jpg',3444,'Indian mackerel','Double bed','B-3','Random description for this room','Medium B-33','[\"Double Bed\", \"LED TV\", \"Towel\", \"Coffee Set\"]',425,'Booked',NULL),(9,'https://pablo-aviles-prieto.github.io/hotel-management-app/assets/hotel-rooms/room2.jpg',4802,'Albacore','Double bed','B-3','Random description for this room','Simple A-11','[\"Shower\", \"LED TV\", \"Coffee Set\", \"Towel\"]',150,'Booked',NULL),(10,'https://pablo-aviles-prieto.github.io/hotel-management-app/assets/hotel-rooms/room2.jpg',9574,'Japanese flying squid','Double superior','A-3','Random description for this room','Medium B-33','[\"Shower\", \"Double Bed\", \"Wifi\", \"Coffee Set\"]',419,'Booked',NULL),(11,'https://pablo-aviles-prieto.github.io/hotel-management-app/assets/hotel-rooms/room1.jpg',1463,'Whiteleg shrimp','Single bed','B-3','Random description for this room','Deluxe C-661','[\"AC\", \"LED TV\", \"Towel\", \"Bath\"]',224,'Available',NULL),(12,'https://pablo-aviles-prieto.github.io/hotel-management-app/assets/hotel-rooms/room1.jpg',2464,'Amur catfish','Double superior','A-2','Random description for this room','Simple A-11','[\"AC\", \"Shower\", \"Towel\", \"Wifi\"]',441,'Available',NULL),(13,'https://pablo-aviles-prieto.github.io/hotel-management-app/assets/hotel-rooms/room1.jpg',9385,'Longtail tuna','Double superior','A-3','Random description for this room','Medium B-33','[\"AC\", \"Shower\", \"Towel\", \"Wifi\"]',533,'Booked',NULL),(14,'https://pablo-aviles-prieto.github.io/hotel-management-app/assets/hotel-rooms/room2.jpg',7925,'Pacific herring','Single bed','B-1','Random description for this room','Deluxe B-55','[\"AC\", \"Shower\", \"Towel\", \"Wifi\"]',497,'Available',NULL),(15,'https://pablo-aviles-prieto.github.io/hotel-management-app/assets/hotel-rooms/room3.jpg',3381,'Asari','Double superior','B-2','Random description for this room','Simple A-11','[\"LED TV\", \"Bath\", \"AC\", \"Wifi\"]',357,'Available',NULL),(16,'https://pablo-aviles-prieto.github.io/hotel-management-app/assets/hotel-rooms/room3.jpg',4514,'Round sardinella','Double bed','A-3','Random description for this room','Medium B-33','[\"Shower\", \"Double Bed\", \"Wifi\", \"Coffee Set\"]',359,'Available',NULL),(17,'https://pablo-aviles-prieto.github.io/hotel-management-app/assets/hotel-rooms/room2.jpg',7410,'Catla','Double superior','A-2','Random description for this room','Deluxe B-55','[\"Shower\", \"Double Bed\", \"Wifi\", \"Coffee Set\"]',433,'Booked',NULL),(18,'https://pablo-aviles-prieto.github.io/hotel-management-app/assets/hotel-rooms/room2.jpg',588,'Jumbo flying squid','Double superior','A-2','Random description for this room','Medium B-33','[\"AC\", \"Shower\", \"Towel\", \"Wifi\"]',459,'Booked',NULL),(19,'https://pablo-aviles-prieto.github.io/hotel-management-app/assets/hotel-rooms/room3.jpg',2856,'Southern African anchovy','Double superior','B-2','Random description for this room','Deluxe B-55','[\"Double Bed\", \"LED TV\", \"Towel\", \"Coffee Set\"]',470,'Booked',NULL),(20,'https://pablo-aviles-prieto.github.io/hotel-management-app/assets/hotel-rooms/room2.jpg',8370,'Gazami crab','Double bed','B-2','Random description for this room','Medium A-53','[\"AC\", \"Shower\", \"Towel\", \"Wifi\"]',81,'Booked',NULL),(21,'https://pablo-aviles-prieto.github.io/hotel-management-app/assets/hotel-rooms/room2.jpg',6543,'Mrigal carp','Double bed','B-3','Random description for this room','Deluxe C-661','[\"AC\", \"Shower\", \"Towel\", \"Wifi\"]',159,'Available',NULL),(22,'https://pablo-aviles-prieto.github.io/hotel-management-app/assets/hotel-rooms/room3.jpg',8596,'Atlantic horse mackerel','Double bed','A-1','Random description for this room','Medium A-53','[\"AC\", \"Shower\", \"Towel\", \"Wifi\"]',455,'Available',NULL),(23,'https://pablo-aviles-prieto.github.io/hotel-management-app/assets/hotel-rooms/room2.jpg',8691,'Gulf menhaden','Double superior','B-3','Random description for this room','Simple A-11','[\"LED TV\", \"Bath\", \"AC\", \"Wifi\"]',568,'Available',NULL),(24,'https://pablo-aviles-prieto.github.io/hotel-management-app/assets/hotel-rooms/room1.jpg',8047,'Chum salmon','Single bed','A-2','Random description for this room','Medium A-53','[\"AC\", \"Shower\", \"Towel\", \"Wifi\"]',309,'Available',NULL),(25,'https://pablo-aviles-prieto.github.io/hotel-management-app/assets/hotel-rooms/room3.jpg',1454,'Short mackerel','Double superior','B-3','Random description for this room','Deluxe A-26','[\"AC\", \"Shower\", \"Towel\", \"Wifi\"]',349,'Booked',NULL),(26,'https://pablo-aviles-prieto.github.io/hotel-management-app/assets/hotel-rooms/room3.jpg',1483,'Chub mackerel','Double bed','B-2','Random description for this room','Medium B-33','[\"AC\", \"Shower\", \"Towel\", \"Wifi\"]',466,'Available',NULL),(27,'https://pablo-aviles-prieto.github.io/hotel-management-app/assets/hotel-rooms/room1.jpg',5302,'Haddock','Double superior','B-2','Random description for this room','Simple A-25','[\"Shower\", \"Double Bed\", \"Wifi\", \"Coffee Set\"]',172,'Available',NULL),(28,'https://pablo-aviles-prieto.github.io/hotel-management-app/assets/hotel-rooms/room3.jpg',5619,'Chilean jack mackerel123','Double superior','B-3','Random description for this room','Deluxe C-661','[\"LED TV\", \"Bath\", \"AC\", \"Wifi\"]',13,'Booked',NULL),(29,'https://pablo-aviles-prieto.github.io/hotel-management-app/assets/hotel-rooms/room2.jpg',6788,'Blue whiting','Double superior','A-2','Random description for this room','Medium B-33','[\"AC\", \"Shower\", \"Towel\", \"Wifi\"]',449,'Booked',399),(30,'https://pablo-aviles-prieto.github.io/hotel-management-app/assets/hotel-rooms/room3.jpg',1182,'Iridescent shark','Double bed','A-2','Random description for this room','Simple A-11','[\"LED TV\", \"Bath\", \"AC\", \"Wifi\"]',338,'Booked',299),(44,'https://pablo-aviles-prieto.github.io/hotel-management-app/assets/hotel-rooms/room3.jpg',5252,'Deluxe Room','Deluxe Bed','A-1','Incredible room','Deluxe suite','[\"LED TV\"]',699,'Available',499);
/*!40000 ALTER TABLE `rooms` ENABLE KEYS */;
UNLOCK TABLES;

--
-- Table structure for table `users`
--

DROP TABLE IF EXISTS `users`;
/*!40101 SET @saved_cs_client     = @@character_set_client */;
/*!50503 SET character_set_client = utf8mb4 */;
CREATE TABLE `users` (
  `id` int NOT NULL AUTO_INCREMENT,
  `photo` varchar(255) NOT NULL,
  `name` varchar(255) NOT NULL,
  `email` varchar(255) NOT NULL,
  `password` varchar(255) NOT NULL,
  `startDate` date NOT NULL,
  `jobPosition` longtext NOT NULL,
  `jobDescription` longtext,
  `jobSchedule` longtext,
  `contact` varchar(255) NOT NULL,
  `status` varchar(255) NOT NULL,
  PRIMARY KEY (`id`)
) ENGINE=InnoDB AUTO_INCREMENT=31 DEFAULT CHARSET=utf8mb4 COLLATE=utf8mb4_unicode_ci;
/*!40101 SET character_set_client = @saved_cs_client */;

--
-- Dumping data for table `users`
--

LOCK TABLES `users` WRITE;
/*!40000 ALTER TABLE `users` DISABLE KEYS */;
INSERT INTO `users` VALUES (1,'https://www.pngkey.com/png/detail/308-3081138_contact-avatar-generic.png','Miss Herbert Jerde','Layne.Ward@yahoo.com','$2a$12$eRgeBkbItntDZKCNoE.LxeGNqR9pZCuJ9HIOBM3o/K1ir/QwqqGxS','2022-02-01','Chef','Act as a liaison between guests and any department necessary including the kitchen. Housekeeping','Tuesday and Wednesday','915-886-415','Active'),(2,'https://www.interstatedevelopment.com/wp-content/uploads/2019/04/generic-avatar-1.jpg','Kristi Kessler','Guillermo.Hane@gmail.com','$2a$12$2vuB7x8y0IDijhry/X.XfuLOYPlbIVEwOHn1xQ/sDoO1O5rLBNjju','2022-02-17','Receptionist','Answering guest inquiries. Directing phone calls. Coordinating travel plans','Thrusday and Saturday','989-984-833','Active'),(3,'https://www.interstatedevelopment.com/wp-content/uploads/2019/04/generic-avatar-1.jpg','Leonard Barton','Emil58@yahoo.com','$2a$12$q9.LaqAK3rKpRgNiF8xPgeDT4yH.Q39u7JA760bFyAWijKN7IRfn6','2022-06-22','Manager','Act as a liaison between guests and any department necessary including the kitchen. Housekeeping','Monday and Friday','979-452-064','Inactive'),(4,'https://www.interstatedevelopment.com/wp-content/uploads/2019/04/generic-avatar-1.jpg','Bernice Hickle DDS','Elwyn64@hotmail.com','$2a$12$.ohaxF1s22f2eEo4pD9KSubfX/d7LCUW0qVzm86M9j0MuduKWEDTe','2022-10-22','Manager','Answering guest inquiries. Directing phone calls. Coordinating travel plans','Thrusday and Saturday','988-736-806','Active'),(5,'https://www.interstatedevelopment.com/wp-content/uploads/2019/04/generic-avatar-1.jpg','Mary Hettinger','Eleanora38@hotmail.com','$2a$12$.N2Lm0xDduj3mC8tUOwlu.HqaiPG/.rLVP9IdPUeKfywvUt2Lm9pe','2022-05-06','Chef','Act as a liaison between guests and any department necessary including the kitchen. Housekeeping','Tuesday and Wednesday','923-901-119','Inactive'),(6,'https://www.interstatedevelopment.com/wp-content/uploads/2019/04/generic-avatar-1.jpg','Jaime Cummings','Chadd_Hansen54@yahoo.com','$2a$12$9YLhihwr5dyU4lVdmy7nWe3yAUhENOJJo34eV65PCox/j88aJAgri','2022-02-01','Receptionist','Offer restaurant and activity recommendations and assist guests in arranging transportation','Tuesday and Wednesday','961-560-857','Active'),(7,'https://www.pngkey.com/png/detail/308-3081138_contact-avatar-generic.png','Kenny Swaniawski','Christian_Donnelly0@hotmail.com','$2a$12$5DTUNErHm1b3M8EY4e5oHePHyzOE4haxO6bowItdO0nsrOZHoStsq','2022-11-08','Chef','Act as a liaison between guests and any department necessary including the kitchen. Housekeeping','Saturday and Sunday','931-151-671','Active'),(8,'https://www.interstatedevelopment.com/wp-content/uploads/2019/04/generic-avatar-1.jpg','Clifford Shields','Luigi60@yahoo.com','$2a$12$IZuqp2tN0J0laEOQm/QjKeQn6J6dWScpOVeXjTozh5gTd4ooMsUiO','2022-09-18','Manager','Anticipate guests needs in order to accommodate them and provide an exceptional guest experience','Saturday and Sunday','992-145-691','Inactive'),(9,'https://www.interstatedevelopment.com/wp-content/uploads/2019/04/generic-avatar-1.jpg','Cameron MacGyver V','Nicolas_Bernhard@hotmail.com','$2a$12$EsxOaCKCBlwaesFpaWz5ZeJW8VcbJxeHnI4bOkYuGp8FV5sTnhx4.','2022-08-22','Receptionist','Answering guest inquiries. Directing phone calls. Coordinating travel plans','Monday and Friday','983-543-298','Active'),(10,'https://www.pngkey.com/png/detail/308-3081138_contact-avatar-generic.png','Karl Ullrich','Tanya_Gibson61@hotmail.com','$2a$12$JyZzvYE1/YpMwmVixvYps.SXBO.wbkKGIxTFbGHiixtYMM.xpQ8pu','2022-11-01','Room service','Anticipate guests needs in order to accommodate them and provide an exceptional guest experience','Tuesday and Wednesday','927-378-033','Active'),(11,'https://www.pngkey.com/png/detail/308-3081138_contact-avatar-generic.png','Joanna Bogisich','Myrna.Windler@yahoo.com','$2a$12$1jaHBvIpYJ4rKovMpZzIf.JUisBZeyeyoRAIrAIWvPhWgyW3QkNcC','2022-10-19','Receptionist','Offer restaurant and activity recommendations and assist guests in arranging transportation','Tuesday and Wednesday','906-587-296','Active'),(12,'https://www.pngkey.com/png/detail/308-3081138_contact-avatar-generic.png','Andres Gerlach III','Wilford.Dickens1@gmail.com','$2a$12$A5F6u86UFt9kR8HlVUjWQevwz.7UQ.PHQQ/SdIg1T6cF0nHSw1a.e','2022-03-10','Room service','Anticipate guests needs in order to accommodate them and provide an exceptional guest experience','Tuesday and Wednesday','961-989-077','Inactive'),(13,'https://www.interstatedevelopment.com/wp-content/uploads/2019/04/generic-avatar-1.jpg','Harvey Parisian','Harold.Tromp@hotmail.com','$2a$12$.s/ifaqqP20gMtmzXLT6zeVlcBpxmZf6rqgRa70OnGmj6JCrX6SgW','2022-12-24','Receptionist','Anticipate guests needs in order to accommodate them and provide an exceptional guest experience','Tuesday and Wednesday','921-788-030','Inactive'),(14,'https://www.pngkey.com/png/detail/308-3081138_contact-avatar-generic.png','Teri Carroll','Zella_Smitham@gmail.com','$2a$12$cAjBsRc0r.STUx8kHbxX9eyhAOwsibzHut.I4lnNUPMIB/phnAy3.','2022-06-23','Room service','Anticipate guests needs in order to accommodate them and provide an exceptional guest experience','Saturday and Sunday','914-524-087','Active'),(15,'https://www.pngkey.com/png/detail/308-3081138_contact-avatar-generic.png','Ramon Baumbach','Monroe45@hotmail.com','$2a$12$U4s5Gf8GSsWr/nFyjs9p8ex4tBb.C54RjCEjHm0TCo9OseR5MN7SO','2022-07-29','Chef','Offer restaurant and activity recommendations and assist guests in arranging transportation','Tuesday and Wednesday','929-418-225','Active'),(16,'https://www.pngkey.com/png/detail/308-3081138_contact-avatar-generic.png','Neil Altenwerth','Doug.Kuphal44@yahoo.com','$2a$12$Q49H9XvhcUDYXsQf322kfO2mDMoSD1nhN5NZ/NRY5QFFiECYg9.2e','2022-09-14','Room service','Answering guest inquiries. Directing phone calls. Coordinating travel plans','Thrusday and Saturday','980-035-537','Inactive'),(17,'https://www.pngkey.com/png/detail/308-3081138_contact-avatar-generic.png','Miss Andrew Breitenberg','Cecilia18@hotmail.com','$2a$12$7pG0LKvOJL2qiHnNqKwgceCf6rcTDdwPSIhUS2eCOwLx/NJjdO55q','2022-09-20','Room service','Anticipate guests needs in order to accommodate them and provide an exceptional guest experience','Thrusday and Saturday','946-219-585','Active'),(18,'https://www.interstatedevelopment.com/wp-content/uploads/2019/04/generic-avatar-1.jpg','Wayne Kiehn','Pauline.Jenkins@hotmail.com','$2a$12$9PF0UaT1pOPiegHWQP0KkeVVWxbi/qFhzd7iISdrb6YMNPh7HlCSi','2022-11-30','Chef','Anticipate guests needs in order to accommodate them and provide an exceptional guest experience','Thrusday and Saturday','909-398-245','Active'),(19,'https://www.interstatedevelopment.com/wp-content/uploads/2019/04/generic-avatar-1.jpg','Toby Beatty','Otha_Gibson@yahoo.com','$2a$12$KAf3JbBirs9bDDf6t7W58.InLIf6DY4e7w90ocRn8g5DJDZgJQ0IC','2022-07-22','Manager','Act as a liaison between guests and any department necessary including the kitchen. Housekeeping','Thrusday and Saturday','964-904-509','Inactive'),(20,'https://www.pngkey.com/png/detail/308-3081138_contact-avatar-generic.png','Adrian Thompson','Eldora.Hayes@gmail.com','$2a$12$FPRcyigwcagsOfVRk9gBEetr5K/WnfgWW.evdGw/e2f.hxZm5IGDq','2022-01-29','Receptionist','Anticipate guests needs in order to accommodate them and provide an exceptional guest experience','Tuesday and Wednesday','930-047-469','Inactive'),(21,'https://www.pngkey.com/png/detail/308-3081138_contact-avatar-generic.png','Peggy Bayer','Kaleb_Littel46@yahoo.com','$2a$12$rsYD4NPpvpvBgVgdtk3kFOYv5Rc/8TCKI9oix.hfEoNLiEwXGZnaa','2022-07-27','Room service','Anticipate guests needs in order to accommodate them and provide an exceptional guest experience','Thrusday and Saturday','933-575-260','Inactive'),(22,'https://www.pngkey.com/png/detail/308-3081138_contact-avatar-generic.png','Leroy Kautzer','Otho.Powlowski@hotmail.com','$2a$12$Ks7QFml0WEkZ3cqDRQp0Oe1tjtp23YbPWpHH3cHUcRAvVWiTdp2Xa','2022-05-19','Manager','Anticipate guests needs in order to accommodate them and provide an exceptional guest experience','Thrusday and Saturday','917-437-889','Active'),(23,'https://www.pngkey.com/png/detail/308-3081138_contact-avatar-generic.png','Janet Blanda','Talon99@hotmail.com','$2a$12$mbJVCjN4ER8LtG.nbiQrj.yM8b7/yOMIPn03lKqA1KHvgZaSg1vwG','2022-03-01','Room service','Offer restaurant and activity recommendations and assist guests in arranging transportation','Thrusday and Saturday','996-595-146','Inactive'),(24,'https://www.pngkey.com/png/detail/308-3081138_contact-avatar-generic.png','Rafael Haag','Brent.Hartmann@yahoo.com','$2a$12$ljrttOnCjtSA3fInYI/eJ.aLAZsdf7ZkT0xWCVEO4j7s3zXy6LLuO','2022-05-04','Manager','Answering guest inquiries. Directing phone calls. Coordinating travel plans','Thrusday and Saturday','957-354-265','Inactive'),(25,'https://www.pngkey.com/png/detail/308-3081138_contact-avatar-generic.png','Dominic Bashirian','Rigoberto.Erdman7@gmail.com','$2a$12$W6aDBr1BRCymsLNDP4csKe96e1cjoPqZeUFZ7jn0.ws8qUED9lvvy','2022-03-13','Receptionist','Offer restaurant and activity recommendations and assist guests in arranging transportation','Saturday and Sunday','941-538-659','Active'),(26,'https://www.pngkey.com/png/detail/308-3081138_contact-avatar-generic.png','Nichole Hagenes','Darius.Miller93@hotmail.com','$2a$12$Xuur3puqU952kd2eclpc0uko9nBs9wBzKE9DQIZgKYLCAP3wT9uQm','2022-03-23','Room service','Anticipate guests needs in order to accommodate them and provide an exceptional guest experience','Thrusday and Saturday','915-988-722','Active'),(27,'https://www.pngkey.com/png/detail/308-3081138_contact-avatar-generic.png','Melba Bogan','Titus.Barrows24@gmail.com','$2a$12$CKTIwPghgzKEUiexilfMR.h6wB/AuidTKgP4qpqQP0FJtdDyqRRyi','2022-07-27','Room service','Offer restaurant and activity recommendations and assist guests in arranging transportation','Tuesday and Wednesday','948-693-653','Inactive'),(28,'https://www.interstatedevelopment.com/wp-content/uploads/2019/04/generic-avatar-1.jpg','Devin Bednar','Noelia.Treutel19@hotmail.com','$2a$12$Frgi2.xV4KhforWPFSrTuOD4rQlw5sfYQQ668doCS2FGnVZFuEqn2','2022-10-18','Receptionist','Offer restaurant and activity recommendations and assist guests in arranging transportation','Saturday and Sunday','943-433-053','Active'),(29,'https://www.pngkey.com/png/detail/308-3081138_contact-avatar-generic.png','Kyle Lowe','Wilhelmine.Ondricka@yahoo.com','$2a$12$QY1cD//4tdRoOJGIqTcS5eAR5O8VX0vejlPIGAqZoqjEPF4Dyt/He','2022-09-05','Chef','Anticipate guests needs in order to accommodate them and provide an exceptional guest experience','Saturday and Sunday','980-658-209','Inactive'),(30,'https://www.pngkey.com/png/detail/308-3081138_contact-avatar-generic.png','Miss Adam Kilback','Tyrique6@gmail.com','$2a$12$4vE3Y4dpHIxRnePT0HxmSO3SzlDa1jOOAdTxwroS63tOq9emPm1yG','2022-04-09','Receptionist','Anticipate guests needs in order to accommodate them and provide an exceptional guest experience','Monday and Friday','963-224-144','Inactive');
/*!40000 ALTER TABLE `users` ENABLE KEYS */;
UNLOCK TABLES;
/*!40103 SET TIME_ZONE=@OLD_TIME_ZONE */;

/*!40101 SET SQL_MODE=@OLD_SQL_MODE */;
/*!40014 SET FOREIGN_KEY_CHECKS=@OLD_FOREIGN_KEY_CHECKS */;
/*!40014 SET UNIQUE_CHECKS=@OLD_UNIQUE_CHECKS */;
/*!40101 SET CHARACTER_SET_CLIENT=@OLD_CHARACTER_SET_CLIENT */;
/*!40101 SET CHARACTER_SET_RESULTS=@OLD_CHARACTER_SET_RESULTS */;
/*!40101 SET COLLATION_CONNECTION=@OLD_COLLATION_CONNECTION */;
/*!40111 SET SQL_NOTES=@OLD_SQL_NOTES */;

-- Dump completed on 2023-01-19 23:12:24
